cloud.google.com/go/compute/metadata,https://github.com/googleapis/google-cloud-go/blob/compute/metadata/v0.2.3/compute/metadata/LICENSE,Apache-2.0
github.com/Microsoft/go-winio,https://github.com/Microsoft/go-winio/blob/v0.6.1/LICENSE,MIT
github.com/ProtonMail/go-crypto,https://github.com/ProtonMail/go-crypto/blob/58e86b294756/LICENSE,BSD-3-Clause
github.com/andybalholm/brotli,https://github.com/andybalholm/brotli/blob/v1.0.5/LICENSE,MIT
github.com/boltdb/bolt,https://github.com/boltdb/bolt/blob/v1.3.1/LICENSE,MIT
github.com/cenkalti/backoff,https://github.com/cenkalti/backoff/blob/v2.2.1/LICENSE,MIT
github.com/cloudflare/circl,https://github.com/cloudflare/circl/blob/v1.3.3/LICENSE,BSD-3-Clause
github.com/dhowden/tag,https://github.com/dhowden/tag/blob/adf36e896086/LICENSE,BSD-2-Clause
github.com/disintegration/imaging,https://github.com/disintegration/imaging/blob/v1.6.2/LICENSE,MIT
github.com/dsnet/compress,https://github.com/dsnet/compress/blob/f66993602bf5/LICENSE.md,BSD-3-Clause
github.com/emirpasic/gods,https://github.com/emirpasic/gods/blob/v1.18.1/LICENSE,BSD-2-Clause
github.com/fclairamb/ftpserverlib,https://github.com/fclairamb/ftpserverlib/blob/v0.21.0/license.txt,MIT
github.com/fclairamb/go-log,https://github.com/fclairamb/go-log/blob/v0.4.1/license.txt,MIT
github.com/fogleman/fauxgl,https://github.com/fogleman/fauxgl/blob/27cddc103802/LICENSE.md,MIT
github.com/fogleman/simplify,https://github.com/fogleman/simplify/blob/d32f302d5046/LICENSE.md,MIT
github.com/gabriel-vasile/mimetype,https://github.com/gabriel-vasile/mimetype/blob/v1.4.2/LICENSE,MIT
github.com/geoffgarside/ber,https://github.com/geoffgarside/ber/blob/v1.1.0/LICENSE,BSD-3-Clause
github.com/go-git/gcfg,https://github.com/go-git/gcfg/blob/v1.5.0/LICENSE,BSD-3-Clause
github.com/go-git/go-billy/v5,https://github.com/go-git/go-billy/blob/v5.4.1/LICENSE,Apache-2.0
github.com/go-git/go-git/v5,https://github.com/go-git/go-git/blob/v5.6.1/LICENSE,Apache-2.0
github.com/go-ldap/ldap,https://github.com/go-ldap/ldap/blob/v3.0.3/LICENSE,MIT
github.com/golang/freetype,Unknown,Unknown
github.com/golang/freetype/raster,Unknown,Unknown
github.com/golang/freetype/truetype,Unknown,Unknown
github.com/golang/snappy,https://github.com/golang/snappy/blob/v0.0.4/LICENSE,BSD-3-Clause
github.com/gorilla/securecookie,https://github.com/gorilla/securecookie/blob/v1.1.1/LICENSE,BSD-3-Clause
github.com/gorilla/sessions,https://github.com/gorilla/sessions/blob/v1.2.1/LICENSE,BSD-3-Clause
github.com/gorilla/websocket,https://github.com/gorilla/websocket/blob/v1.5.0/LICENSE,BSD-2-Clause
github.com/grandcat/zeroconf,https://github.com/grandcat/zeroconf/blob/v1.0.0/LICENSE,MIT
github.com/hashicorp/errwrap,https://github.com/hashicorp/errwrap/blob/v1.1.0/LICENSE,MPL-2.0
github.com/hashicorp/go-multierror,https://github.com/hashicorp/go-multierror/blob/v1.1.1/LICENSE,MPL-2.0
github.com/hirochachacha/go-smb2,https://github.com/hirochachacha/go-smb2/blob/v1.1.0/LICENSE,BSD-2-Clause
github.com/imdario/mergo,https://github.com/imdario/mergo/blob/v0.3.15/LICENSE,BSD-3-Clause
github.com/jbenet/go-context/io,https://github.com/jbenet/go-context/blob/d14ea06fba99/LICENSE,MIT
github.com/jlaffaye/ftp,https://github.com/jlaffaye/ftp/blob/v0.1.0/LICENSE,ISC
github.com/kevinburke/ssh_config,https://github.com/kevinburke/ssh_config/blob/v1.2.0/LICENSE,MIT
github.com/klauspost/compress,https://github.com/klauspost/compress/blob/v1.16.5/LICENSE,Apache-2.0
github.com/klauspost/compress/internal/snapref,https://github.com/klauspost/compress/blob/v1.16.5/internal\snapref\LICENSE,BSD-3-Clause
github.com/klauspost/compress/zstd/internal/xxhash,https://github.com/klauspost/compress/blob/v1.16.5/zstd\internal\xxhash\LICENSE.txt,MIT
github.com/klauspost/pgzip,https://github.com/klauspost/pgzip/blob/v1.2.6/LICENSE,MIT
github.com/koron/go-ssdp,https://github.com/koron/go-ssdp/blob/v0.0.4/LICENSE,MIT
github.com/kr/fs,https://github.com/kr/fs/blob/v0.1.0/LICENSE,BSD-3-Clause
github.com/mholt/archiver/v3,https://github.com/mholt/archiver/blob/v3.5.1/LICENSE,MIT
github.com/miekg/dns,https://github.com/miekg/dns/blob/v1.1.54/LICENSE,BSD-3-Clause
github.com/nfnt/resize,https://github.com/nfnt/resize/blob/83c6a9932646/LICENSE,ISC
github.com/nwaples/rardecode,https://github.com/nwaples/rardecode/blob/v1.1.3/LICENSE,BSD-2-Clause
github.com/oliamb/cutter,https://github.com/oliamb/cutter/blob/v0.2.2/LICENSE,MIT
github.com/oov/psd,https://github.com/oov/psd/blob/5db5eafcecbb/LICENSE,MIT
github.com/pierrec/lz4/v4,https://github.com/pierrec/lz4/blob/v4.1.17/LICENSE,BSD-3-Clause
github.com/pjbgf/sha1cd,https://github.com/pjbgf/sha1cd/blob/v0.3.0/LICENSE,Apache-2.0
github.com/pkg/sftp,https://github.com/pkg/sftp/blob/v1.13.5/LICENSE,BSD-2-Clause
github.com/robertkrimen/otto,https://github.com/robertkrimen/otto/blob/v0.2.1/LICENSE,MIT
github.com/satori/go.uuid,https://github.com/satori/go.uuid/blob/v1.2.0/LICENSE,MIT
github.com/sergi/go-diff/diffmatchpatch,https://github.com/sergi/go-diff/blob/v1.3.1/LICENSE,MIT
github.com/skeema/knownhosts,https://github.com/skeema/knownhosts/blob/v1.1.0/LICENSE,Apache-2.0
github.com/spf13/afero,https://github.com/spf13/afero/blob/v1.9.5/LICENSE.txt,Apache-2.0
github.com/studio-b12/gowebdav,https://github.com/studio-b12/gowebdav/blob/3282f94193f2/LICENSE,BSD-3-Clause
github.com/ulikunitz/xz,https://github.com/ulikunitz/xz/blob/v0.5.11/LICENSE,BSD-3-Clause
github.com/valyala/bytebufferpool,https://github.com/valyala/bytebufferpool/blob/v1.0.0/LICENSE,MIT
github.com/valyala/fasttemplate,https://github.com/valyala/fasttemplate/blob/v1.2.2/LICENSE,MIT
github.com/xanzy/ssh-agent,https://github.com/xanzy/ssh-agent/blob/v0.3.3/LICENSE,Apache-2.0
github.com/xi2/xz,Unknown,Unknown
gitlab.com/NebulousLabs/fastrand,https://gitlab.com/NebulousLabs/fastrand/blob/603482d69e40/LICENSE,MIT
gitlab.com/NebulousLabs/go-upnp,https://gitlab.com/NebulousLabs/go-upnp/blob/11da932010b6/LICENSE,MIT
gitlab.com/NebulousLabs/go-upnp/goupnp,https://gitlab.com/NebulousLabs/go-upnp/blob/11da932010b6/goupnp\LICENSE,BSD-2-Clause
golang.org/x/crypto,https://cs.opensource.google/go/x/crypto/+/v0.9.0:LICENSE,BSD-3-Clause
golang.org/x/image,https://cs.opensource.google/go/x/image/+/v0.7.0:LICENSE,BSD-3-Clause
golang.org/x/net,https://cs.opensource.google/go/x/net/+/v0.10.0:LICENSE,BSD-3-Clause
golang.org/x/oauth2,https://cs.opensource.google/go/x/oauth2/+/v0.8.0:LICENSE,BSD-3-Clause
golang.org/x/sync/syncmap,https://cs.opensource.google/go/x/sync/+/v0.2.0:LICENSE,BSD-3-Clause
golang.org/x/sys,https://cs.opensource.google/go/x/sys/+/v0.8.0:LICENSE,BSD-3-Clause
golang.org/x/text,https://cs.opensource.google/go/x/text/+/v0.9.0:LICENSE,BSD-3-Clause
gopkg.in/asn1-ber.v1,https://github.com/go-asn1-ber/asn1-ber/blob/f715ec2f112d/LICENSE,MIT
gopkg.in/sourcemap.v1,https://github.com/go-sourcemap/sourcemap/blob/v1.0.5/LICENSE,BSD-2-Clause
gopkg.in/warnings.v0,https://github.com/go-warnings/warnings/blob/v0.1.2/LICENSE,BSD-2-Clause
imuslab.com/wdos,Unknown,Unknown
imuslab.com/wdos/mod/agi,Unknown,Unknown
imuslab.com/wdos/mod/apt,Unknown,Unknown
imuslab.com/wdos/mod/auth,Unknown,Unknown
imuslab.com/wdos/mod/auth/accesscontrol,Unknown,Unknown
imuslab.com/wdos/mod/auth/accesscontrol/blacklist,Unknown,Unknown
imuslab.com/wdos/mod/auth/accesscontrol/whitelist,Unknown,Unknown
imuslab.com/wdos/mod/auth/authlogger,Unknown,Unknown
imuslab.com/wdos/mod/auth/autologin,Unknown,Unknown
imuslab.com/wdos/mod/auth/explogin,Unknown,Unknown
imuslab.com/wdos/mod/auth/ldap,Unknown,Unknown
imuslab.com/wdos/mod/auth/ldap/ldapreader,Unknown,Unknown
imuslab.com/wdos/mod/auth/oauth2,Unknown,Unknown
imuslab.com/wdos/mod/auth/oauth2/syncdb,Unknown,Unknown
imuslab.com/wdos/mod/auth/register,Unknown,Unknown
imuslab.com/wdos/mod/cluster/wakeonlan,Unknown,Unknown
imuslab.com/wdos/mod/compatibility,Unknown,Unknown
imuslab.com/wdos/mod/console,Unknown,Unknown
imuslab.com/wdos/mod/database,Unknown,Unknown
imuslab.com/wdos/mod/disk/diskcapacity,Unknown,Unknown
imuslab.com/wdos/mod/disk/diskcapacity/dftool,Unknown,Unknown
imuslab.com/wdos/mod/disk/diskmg,Unknown,Unknown
imuslab.com/wdos/mod/disk/diskspace,Unknown,Unknown
imuslab.com/wdos/mod/disk/smart,Unknown,Unknown
imuslab.com/wdos/mod/disk/sortfile,Unknown,Unknown
imuslab.com/wdos/mod/fileservers,Unknown,Unknown
imuslab.com/wdos/mod/fileservers/servers/dirserv,Unknown,Unknown
imuslab.com/wdos/mod/fileservers/servers/ftpserv,Unknown,Unknown
imuslab.com/wdos/mod/fileservers/servers/sftpserv,Unknown,Unknown
imuslab.com/wdos/mod/fileservers/servers/webdavserv,Unknown,Unknown
imuslab.com/wdos/mod/filesystem,Unknown,Unknown
imuslab.com/wdos/mod/filesystem/abstractions/ftpfs,Unknown,Unknown
imuslab.com/wdos/mod/filesystem/abstractions/localfs,Unknown,Unknown
imuslab.com/wdos/mod/filesystem/abstractions/sftpfs,Unknown,Unknown
imuslab.com/wdos/mod/filesystem/abstractions/smbfs,Unknown,Unknown
imuslab.com/wdos/mod/filesystem/abstractions/webdavfs,Unknown,Unknown
imuslab.com/wdos/mod/filesystem/wdosfs,Unknown,Unknown
imuslab.com/wdos/mod/filesystem/fspermission,Unknown,Unknown
imuslab.com/wdos/mod/filesystem/fssort,Unknown,Unknown
imuslab.com/wdos/mod/filesystem/fuzzy,Unknown,Unknown
imuslab.com/wdos/mod/filesystem/hidden,Unknown,Unknown
imuslab.com/wdos/mod/filesystem/localversion,Unknown,Unknown
imuslab.com/wdos/mod/filesystem/metadata,Unknown,Unknown
imuslab.com/wdos/mod/filesystem/renderer,Unknown,Unknown
imuslab.com/wdos/mod/filesystem/shortcut,Unknown,Unknown
imuslab.com/wdos/mod/info/hardwareinfo,Unknown,Unknown
imuslab.com/wdos/mod/info/logger,Unknown,Unknown
imuslab.com/wdos/mod/info/logviewer,Unknown,Unknown
imuslab.com/wdos/mod/info/usageinfo,Unknown,Unknown
imuslab.com/wdos/mod/iot,Unknown,Unknown
imuslab.com/wdos/mod/iot/hds,Unknown,Unknown
imuslab.com/wdos/mod/iot/hdsv2,Unknown,Unknown
imuslab.com/wdos/mod/iot/sonoff_s2x,Unknown,Unknown
imuslab.com/wdos/mod/modules,Unknown,Unknown
imuslab.com/wdos/mod/network,Unknown,Unknown
imuslab.com/wdos/mod/network/gzipmiddleware,Unknown,Unknown
imuslab.com/wdos/mod/network/mdns,Unknown,Unknown
imuslab.com/wdos/mod/network/neighbour,Unknown,Unknown
imuslab.com/wdos/mod/network/netstat,Unknown,Unknown
imuslab.com/wdos/mod/network/reverseproxy,Unknown,MIT
imuslab.com/wdos/mod/network/ssdp,Unknown,Unknown
imuslab.com/wdos/mod/network/upnp,Unknown,Unknown
imuslab.com/wdos/mod/network/webdav,Unknown,BSD-3-Clause
imuslab.com/wdos/mod/network/websocket,Unknown,Unknown
imuslab.com/wdos/mod/network/websocketproxy,Unknown,MIT
imuslab.com/wdos/mod/network/wifi,Unknown,Unknown
imuslab.com/wdos/mod/neuralnet,Unknown,Unknown
imuslab.com/wdos/mod/notification,Unknown,Unknown
imuslab.com/wdos/mod/notification/agents/smtpn,Unknown,Unknown
imuslab.com/wdos/mod/permission,Unknown,Unknown
imuslab.com/wdos/mod/prouter,Unknown,Unknown
imuslab.com/wdos/mod/quota,Unknown,Unknown
imuslab.com/wdos/mod/security/csrf,Unknown,Unknown
imuslab.com/wdos/mod/share,Unknown,Unknown
imuslab.com/wdos/mod/share/shareEntry,Unknown,Unknown
imuslab.com/wdos/mod/storage,Unknown,Unknown
imuslab.com/wdos/mod/storage/bridge,Unknown,Unknown
imuslab.com/wdos/mod/storage/du,Unknown,Unknown
imuslab.com/wdos/mod/storage/ftp,Unknown,Unknown
imuslab.com/wdos/mod/storage/sftpserver,Unknown,Unknown
imuslab.com/wdos/mod/storage/webdav,Unknown,Unknown
imuslab.com/wdos/mod/subservice,Unknown,Unknown
imuslab.com/wdos/mod/time/nightly,Unknown,Unknown
imuslab.com/wdos/mod/time/scheduler,Unknown,Unknown
imuslab.com/wdos/mod/updates,Unknown,Unknown
imuslab.com/wdos/mod/user,Unknown,Unknown
imuslab.com/wdos/mod/utils,Unknown,Unknown
imuslab.com/wdos/mod/www,Unknown,Unknown
